text,label
Captive Medic Bodycam show Firsthand Horror Mariupol,World News
Russia fire senior commander mean Ukraine War,World News
Red Cross Registers Hundreds ukrainian pow Mariupol,World News
Georgia GOP Attorney General Primary big lie battleground,World News
War White Gold North Carolina,World News
Trump Reportedly consider quit Presidential Race Tape surface,World News
Natasha Lyonne bring Ex Fred Armisen SNL Monologue joke sex tape,World News
Brooklyn Half Marathon Runner Collapses die cross finish line,World News
apparently ailing Putin surround Docs Kremlin Chaos say Ex brit Intel Official,World News
North Korea Suspected Outbreak Nears million,World News
australian Prime Minister Tackles Child campaign event Viral Clip,World News
China Eastern Plane Crash intentional official find report,World News
russian soldier plead Guilty Ukraine War Crimes Trial kill Civilian,World News
russian Gymnast ban wear Pro war z symbol ukrainian Rival,World News
Ukraine Hopes Swap Steel Mill Fighters russian pow,World News
Finland Sweden Submit Applications join NATO,World News
Queen Elizabeth make Special Appearance London Tube stop,World News
Worth shot Pope Francis say need Tequila sore knee,World News
belgian Court rule extradition Spanish Rapper,World News
Georgia GOP Attorney General Primary big lie battleground,World News
War White Gold North Carolina,World News
Trump Reportedly consider quit Presidential Race Tape surface,World News
Natasha Lyonne bring Ex Fred Armisen SNL Monologue joke sex tape,World News
Brooklyn Half Marathon Runner Collapses die cross finish line,World News
apparently ailing Putin surround Docs Kremlin Chaos say Ex brit Intel Official,World News
Mariupol Pregnant Woman Viral Photo tell story,World News
Mariupol Fighters russian hand Sides claim win,World News
Prince William make Home visit Bowel Babe Special Reason,World News
Independent Probe show Israel responsible Killing Journalist,World News
Sweden poise join Finland seek NATO membership,World News
McDonald sell russian Business try worker,World News
Small Wins Buoy Ukraine West say Russians Losing Momentum,World News
North Korea report death Kim Laments Virus response,World News
Major Tar Sands Pipeline Project Threatens Indigenous Land Rights,World News
Finland Announces want join NATO amid Russia Ukraine Invasion,World News
Georgia GOP Attorney General Primary big lie battleground,World News
War White Gold North Carolina,World News
Trump Reportedly consider quit Presidential Race Tape surface,World News
Natasha Lyonne bring Ex Fred Armisen SNL Monologue joke sex tape,World News
Brooklyn Half Marathon Runner Collapses die cross finish line,World News
apparently ailing Putin surround Docs Kremlin Chaos say Ex brit Intel Official,World News
warn Global Food Crisis Russia unblock Ukraine grain,World News
Ukraine appear Won Battle Kharkiv enter New Phase War,World News
Russia suffer Heavy Losses Failed River Crossing official,World News
Queen Elizabeth make Public Appearance week Horse,World News
Funeral Journalist kill israeli Raid Disrupted israeli Police,World News
mother Ukraine want Kids safe,World News
Kim Jong Un Lookalike Disrupts australian election campaign,World News
Ukraine Puts russian soldier accuse War Crime Trial,World News
Explosive Outbreak North Korea alarm,World News
russian Threats push Finland join NATO Alliance,World News
Georgia GOP Attorney General Primary big lie battleground,World News
War White Gold North Carolina,World News
Trump Reportedly consider quit Presidential Race Tape surface,World News
Natasha Lyonne bring Ex Fred Armisen SNL Monologue joke sex tape,World News
Brooklyn Half Marathon Runner Collapses die cross finish line,World News
apparently ailing Putin surround Docs Kremlin Chaos say Ex brit Intel Official,World News
United States Host Rugby World Cup Time,World News
Palestinians Mourn Al Jazeera journalist israeli Soldiers kill,World News
finland want join NATO consider membership,World News
Russia continue Steel Mill Airstrikes Ukraine Seeks Deal,World News
Pussy Riot Activists reveal foolproof way snuck Russia,World News
Finland leader Favor apply NATO membership,World News
North Korea Orders Nationwide Lockdown confirm case,World News
Slain Al Jazeera Journalist Icon Palestinian Coverage,World News
Prince William get candid live Grief New Speech,World News
Ukrainians stop russian gas hub gain East,World News
Georgia GOP Attorney General Primary big lie battleground,World News
War White Gold North Carolina,World News
Trump Reportedly consider quit Presidential Race Tape surface,World News
Natasha Lyonne bring Ex Fred Armisen SNL Monologue joke sex tape,World News
Brooklyn Half Marathon Runner Collapses die cross finish line,World News
apparently ailing Putin surround Docs Kremlin Chaos say Ex brit Intel Official,World News
Prince Charles ridicule Truly Clueless Moment Queen speech,World News
Marcos Won Philippine Presidency Unofficial Count show,World News
Shanghai Disinfects Homes close Subways China zero covid strategy,World News
Russia Pounds Odesa Civilian body uncover Ukraine,World News
russian Ambassador douse Red Paint War Protest Poland,World News
Putin claim rid Ukraine Nazis Ukraine jewish Population know well,World News
Queen Elizabeth previously unseen Home Movies appear Jubilee Doc,World News
Dictator Son Far Ahead Human Rights Activist Philippine Presidential Vote,World News
Queen Elizabeth experience Episodic Mobility Problems Palace say,World News
end Sight Ukraine War Putin Hails Victory Day,World News
Georgia GOP Attorney General Primary big lie battleground,World News
War White Gold North Carolina,World News
Trump Reportedly consider quit Presidential Race Tape surface,World News
Natasha Lyonne bring Ex Fred Armisen SNL Monologue joke sex tape,World News
Brooklyn Half Marathon Runner Collapses die cross finish line,World News
apparently ailing Putin surround Docs Kremlin Chaos say Ex brit Intel Official,World News
Putin Ukraine Incursion necessary Ward possible aggression,World News
good boy Hero Dog honor sniff effort Ukraine,World News
Havana Hotel Death toll rise Dogs search survivor,World News
Leaders Mark VE Day Stressing Unity Support Ukraine,World News
Jill Biden make Surprise Mother Day visit Ukraine meet Lady,World News
poise restrict Abortion Nations Ease Access,World News
Beijing Loyalist John Lee elect Hong Kong Leader,World News
dozen Feared Dead russian Bomb Levels Ukraine School,World News
Ukraine scientist work defiance russian Invasion,World News
pro irish Unity Party Sinn Fein Celebrates Historic Northern Ireland Win,World News
Georgia GOP Attorney General Primary big lie battleground,World News
War White Gold North Carolina,World News
Trump Reportedly consider quit Presidential Race Tape surface,World News
Natasha Lyonne bring Ex Fred Armisen SNL Monologue joke sex tape,World News
Brooklyn Half Marathon Runner Collapses die cross finish line,World News
apparently ailing Putin surround Docs Kremlin Chaos say Ex brit Intel Official,World News
Taliban Orders afghan woman cover head toe,World News
Stand Mariupol Ukraine seek stop complete russian Takeover Port City,World News
LA Dodgers Owners Buy Chelsea Soccer Club Sanctioned russian Oligarch,World News
facebook deliberately cut access Emergency Services whistleblower claim,World News
powerful Explosion Luxury Havana Hotel Leaves Dead Dozens wound,World News
CIA tell Bolsonaro stop undermine Brazil Elections,World News
Belarus Jails Girlfriend Dissident seize Forced Plane Landing,World News
Lady Jill Biden meet ukrainian Refugees Border Visit,World News
photo show Superyacht reportedly own russian Oligarch seize Fiji,World News
Israel search Attackers kill Mass Stabbing Near Tel Aviv,World News
Georgia GOP Attorney General Primary big lie battleground,World News
War White Gold North Carolina,World News
Trump Reportedly consider quit Presidential Race Tape surface,World News
Natasha Lyonne bring Ex Fred Armisen SNL Monologue joke sex tape,World News
Brooklyn Half Marathon Runner Collapses die cross finish line,World News
apparently ailing Putin surround Docs Kremlin Chaos say Ex brit Intel Official,World News
defender inside Mariupol Steel Plant refuse surrender russian force,World News
Pope Francis use Wheelchair Public Time Knee Pain Flared,World News
true Pandemic death toll double Official Count reveal,World News
survivor pull Rubble day Building Collapse,World News
UN record number People eat,World News
Ukraine Repels russian Attacks Mariupol Steel Plant Battle rage,World News
russian Attack Mariupol Theater Far Deadlier originally estimate,World News
Fiji say seize russian Superyacht right away,World News
UN say Reproductive Rights woman Foundation World Equality,World News
EU Leader call russian Oil Ban New Set sanction,World News
Georgia GOP Attorney General Primary big lie battleground,World News
War White Gold North Carolina,World News
Trump Reportedly consider quit Presidential Race Tape surface,World News
Natasha Lyonne bring Ex Fred Armisen SNL Monologue joke sex tape,World News
Brooklyn Half Marathon Runner Collapses die cross finish line,World News
apparently ailing Putin surround Docs Kremlin Chaos say Ex brit Intel Official,World News
Russia Storms Steel plant contain pocket Resistance Mariupol,World News
watch helicopter Catches Rocket Falling Space drop ocean,World News
fake Priest reportedly con way Queen Guards barrack,World News
Russia plan annex Eastern Ukraine Senior Official say,World News
million People take Ukraine russian Media claim,World News
Princess Charlene make Public Appearance follow Treatment,World News
Civilians Leave Mariupol Steel Plant hundred remain,World News
New Zealand welcome tourist pandemic rule ease,World News
Israel Lashes Russia Lavrov Nazism remark,World News
spy Spain Prime Minister,World News
Georgia GOP Attorney General Primary big lie battleground,World News
War White Gold North Carolina,World News
Trump Reportedly consider quit Presidential Race Tape surface,World News
Natasha Lyonne bring Ex Fred Armisen SNL Monologue joke sex tape,World News
Brooklyn Half Marathon Runner Collapses die cross finish line,World News
apparently ailing Putin surround Docs Kremlin Chaos say Ex brit Intel Official,World News
Qantas Unveils Longest Passenger Flights world,World News
Marine Death put spotlight Americans fight Ukraine,World News
Europe Day Rallies Honor Workers protest government,World News
operation Underway Evacuate remain Ukrainians Mariupol,World News
Angelina Jolie make Surprise visit Ukraine meet Injured child,World News
New Russia Offensive go slow plan say Defense Official,World News
american tourist try Board Plane Unexploded bomb,World News
record shatter India Heat Wave scorch Wheat Crop reserve strain,World News
munich stage Oktoberfest year Hiatus,World News
Zelenskyy Accuses Russia try humiliate UN Kyiv Attack Guterres Visit,World News
Georgia GOP Attorney General Primary big lie battleground,World News
War White Gold North Carolina,World News
Trump Reportedly consider quit Presidential Race Tape surface,World News
Natasha Lyonne bring Ex Fred Armisen SNL Monologue joke sex tape,World News
Brooklyn Half Marathon Runner Collapses die cross finish line,World News
apparently ailing Putin surround Docs Kremlin Chaos say Ex brit Intel Official,World News
British Virgin Islands official charge Drug Smuggling Florida,World News
Zelenskyy say russian Soldiers charge Bucha Crimes find,World News
Russia dolphin Guard Key Naval Base photo suggest Analyst say,World News
climate change increase risk New infectious disease,World News
dead Thousands Flee Homes Gangs Battle Haiti,World News
key Players urge accountability atrocity Ukraine,World News
occupy Ukrainian City Fears Sham Russian Referendum plan,World News
survivor Unite deliver message Holocaust remembrance,World News
european Leaders blast cutoff russian gas blackmail,World News
russian cyberattack aim Destroy Critical Infrastructure Steal Data,World News
Georgia GOP Attorney General Primary big lie battleground,World News
War White Gold North Carolina,World News
Trump Reportedly consider quit Presidential Race Tape surface,World News
Natasha Lyonne bring Ex Fred Armisen SNL Monologue joke sex tape,World News
Brooklyn Half Marathon Runner Collapses die cross finish line,World News
apparently ailing Putin surround Docs Kremlin Chaos say Ex brit Intel Official,World News
Cat separate Owner Ukraine Invasion reunite Family,World News
York way Prince Andrew will Duke long,World News
Russia Releases Marine Vet Prisoner Exchange,World News
Ukraine Topples Statue Symbolizing Bond Russia friendship Anymore,World News
Russia escalate conflict cut gas EU nation,World News
UN Chief Putin agree Key Ukraine Evacuation,World News
Putin insist Olympic Skater catch Doping scandal compete dishonestly,World News
Myanmar Court Sentences Suu Kyi year Prison corruption,World News
Russia Pounds Eastern Ukraine West Promises Kyiv New arm,World News
Russia war heat Cooking Oil price,World News
Georgia GOP Attorney General Primary big lie battleground,World News
War White Gold North Carolina,World News
Trump Reportedly consider quit Presidential Race Tape surface,World News
Natasha Lyonne bring Ex Fred Armisen SNL Monologue joke sex tape,World News
Brooklyn Half Marathon Runner Collapses die cross finish line,World News
apparently ailing Putin surround Docs Kremlin Chaos say Ex brit Intel Official,World News
Putin get want Ukraine Army close West,World News
Ukraine Town remain Residents Watch War close feel Helpless,World News
ruin Ancient Temple Greek God Zeus Unearthed Sinai Peninsula,World News
Mass covid Testing Underway Beijing amid Lockdown worry,World News
russian Diplomat Warns Ukraine Provoking WWIII,World News
Ukrainians Upset UN Chief plan Meeting Vladimir Putin,World News
loss victory Far Right Marine Le Pen France election,World News
Blinken say Russia fail War Aims Ukraine succeed,World News
promise New aid Ukraine Fight Russia,World News
Ukraine Official Zelenskyy meet Level delegation,World News
Georgia GOP Attorney General Primary big lie battleground,World News
War White Gold North Carolina,World News
Trump Reportedly consider quit Presidential Race Tape surface,World News
Natasha Lyonne bring Ex Fred Armisen SNL Monologue joke sex tape,World News
Brooklyn Half Marathon Runner Collapses die cross finish line,World News
apparently ailing Putin surround Docs Kremlin Chaos say Ex brit Intel Official,World News
find Dead Japan Tour Boat carry People sink,World News
Europe Relief France Macron Wins far right gain,World News
Zelenskyy Warns Ukraine beginning Russia,World News
miss Underground Tremor Coal Poland,World News
Zelenskyy say Meeting Officials Blinken Austin,World News
sanction hit russian Economy Putin say,World News
Macron French Election Lead Far Right Le Pen depend major uncertainty,World News
Ukraine say Russians try Storm Mariupol Steel Plant Strike Odesa,World News
Second Mass Grave find Outside Mariupol Ukraine official,World News
BANNED russian Olympic Swim Champ attend Putin Rally,World News
Georgia GOP Attorney General Primary big lie battleground,World News
War White Gold North Carolina,World News
Trump Reportedly consider quit Presidential Race Tape surface,World News
Natasha Lyonne bring Ex Fred Armisen SNL Monologue joke sex tape,World News
Brooklyn Half Marathon Runner Collapses die cross finish line,World News
apparently ailing Putin surround Docs Kremlin Chaos say Ex brit Intel Official,World News
Portugal appoint Suspect Madeleine McCann Disappearance Investigation,World News
israeli Police storm Jerusalem Holy Site Rock throwing,World News
Satellite Images appear Mass Graves Near Mariupol,World News
leader Rival Koreas Exchange Letters amid tension,World News
find thousand islamic state victim miss,World News
Putin Claims Mariupol win will storm Ukrainian Holdout,World News
Queen Elizabeth get Barbie,World News
UK claim Russia experience continued failure Ukraine Putin,World News
Ukraine Refugee Count hit Staggering New Milestone,World News
Judge send Julian Assange Extradition decision UK government,World News
Georgia GOP Attorney General Primary big lie battleground,World News
War White Gold North Carolina,World News
Trump Reportedly consider quit Presidential Race Tape surface,World News
Natasha Lyonne bring Ex Fred Armisen SNL Monologue joke sex tape,World News
Brooklyn Half Marathon Runner Collapses die cross finish line,World News
apparently ailing Putin surround Docs Kremlin Chaos say Ex brit Intel Official,World News
Russia Chernobyl Seizure Seen Nuclear risk nightmare,World News
Shanghai allow million Homes COVID rule ease,World News
Russia Pressures Mariupol focus Ukraine East,World News
Life soviet era Apartment block reflect Ukraine crisis,World News
Boris Johnson Offers Wholehearted Apology partygate,World News
ukrainian see russian troop New Home Webcam get bastard bomb,World News
Battle Donbas significant New Phase Russia Ukraine War,World News
Grandmaster Garry Kasparov Predicts Palace Coup oust Putin Ukraine,World News
Putin War Ukraine Political Flash Point Iran,World News
Russia Launches Key Battle Donbas Ukraine say,World News
Georgia GOP Attorney General Primary big lie battleground,World News
War White Gold North Carolina,World News
Trump Reportedly consider quit Presidential Race Tape surface,World News
Natasha Lyonne bring Ex Fred Armisen SNL Monologue joke sex tape,World News
Brooklyn Half Marathon Runner Collapses die cross finish line,World News
apparently ailing Putin surround Docs Kremlin Chaos say Ex brit Intel Official,World News
Ex MSNBC Analyst Joins Fight Russia Ukraine talk,World News
Prince Harry Shares Details Reunion Queen Elizabeth,World News
Aide reveal queen Elizabeth Prince Philip Funeral,World News
zelenskyy russian Offensive Eastern Ukraine begin,World News
Russia Bombs Celebrity Chef Community Kitchen Kharkiv,World News
ukrainian defender Mariupol Defy Surrender die demand,World News
ukrainian PM say Mariupol fall despite Defying Deadline surrender,World News
Pope make Easter Plea Ukraine Peace Cites Nuclear Risk,World News
zelenskyy substantial evidence point Russia commit genocide,World News
israeli Police Wound Palestinians Near Flashpoint Jerusalem Holy Site,World News
Georgia GOP Attorney General Primary big lie battleground,World News
War White Gold North Carolina,World News
Trump Reportedly consider quit Presidential Race Tape surface,World News
Natasha Lyonne bring Ex Fred Armisen SNL Monologue joke sex tape,World News
Brooklyn Half Marathon Runner Collapses die cross finish line,World News
apparently ailing Putin surround Docs Kremlin Chaos say Ex brit Intel Official,World News
Volodymyr Zelenskyy Bashes Mariupol Devastation Inhuman,World News
India Stalls update toll show Millions death report,World News
Russia Resumes Attacks Kyiv Missile Strikes Outdoor Market Kharkiv,World News
Amazon Rainforest survive year Brazil Far Right President,World News
Ukraine Defense Minister Mocks Sunken russian warship New Black Sea Dive Site,World News
civilian body find Kyiv Region Police,World News
Strict Coronavirus Shutdowns China continue infection rise,World News
scientist Open Mystery Sarcophagus Discovered Notre Dame Fire,World News
Russia Vows Ramp Scale Missile Attacks Kyiv,World News
Ukraine Prosecutor General New Purpose Punish Putin russian Forces War Crimes,World News
Georgia GOP Attorney General Primary big lie battleground,World News
War White Gold North Carolina,World News
Trump Reportedly consider quit Presidential Race Tape surface,World News
Natasha Lyonne bring Ex Fred Armisen SNL Monologue joke sex tape,World News
Brooklyn Half Marathon Runner Collapses die cross finish line,World News
apparently ailing Putin surround Docs Kremlin Chaos say Ex brit Intel Official,World News
Zelenskyy Hails Ukrainians Resolve day russian Invasion,World News
injure clash israeli Police Palestinians Al Aqsa Mosque,World News
Prince Albert test Positive COVID Second time,World News
Queen Elizabeth Bows Easter Commitment,World News
force Basement Ukraine resident begin die,World News
Russia Moskva Warship Sinks Black Sea Ukrainian Attack,World News
UN Ukraine War threaten devastate Poor nation,World News
Ukraine detention Putin Friendly Oligarch Angers Moscow,World News
Ilhan Omar accountability Russia mean abandon Hypocrisy,World News
Team Ukraine arrive safely ahead Prince Harry Invictus Games delighted,World News
Georgia GOP Attorney General Primary big lie battleground,World News
War White Gold North Carolina,World News
Trump Reportedly consider quit Presidential Race Tape surface,World News
Natasha Lyonne bring Ex Fred Armisen SNL Monologue joke sex tape,World News
Brooklyn Half Marathon Runner Collapses die cross finish line,World News
apparently ailing Putin surround Docs Kremlin Chaos say Ex brit Intel Official,World News
Joe Biden Approves million New military aid Ukraine,World News
polish Baltic Presidents visit Ukraine support,World News
photo Ukrainians work fight russian Invasion,World News
Finland Sweden close join NATO,World News
BBC work remove Fake Video claim Ukraine bomb Train Station,World News
Putin War Worsens Fertilizer Crunch risk food supply,World News
Putin vow continue Bloody Offensive Ukraine Russia goal Met,World News
british Prime Minister Boris Johnson fine Lockdown party,World News
UN nearly Thirds Ukraine child flee Homes Past week,World News
Orders Consular Staff exit Shanghai amid COVID Surge,World News
Georgia GOP Attorney General Primary big lie battleground,World News
War White Gold North Carolina,World News
Trump Reportedly consider quit Presidential Race Tape surface,World News
Natasha Lyonne bring Ex Fred Armisen SNL Monologue joke sex tape,World News
Brooklyn Half Marathon Runner Collapses die cross finish line,World News
apparently ailing Putin surround Docs Kremlin Chaos say Ex brit Intel Official,World News
Ukrainian Nuns open Monastery door displace War,World News
Mariupol Mayor russian Siege kill civilian,World News
Zelenskyy say Ukrainians Single Fist Repel russian Invasion,World News
Queen Elizabeth reveal Bout leave tired Exhausted,World News
NATO expect Maintain Heavy long Term Military Presence Eastern Border,World News
Russia appoint New Ukraine War Commander Record brutality,World News
Downgrade indicate Russia head Historic Default,World News
french poll Emmanuel Macron Far Right Rival Marine Le Pen Fight Presidency,World News
Pakistan embattled Prime Minister oust confidence vote,World News
year Old Diver miss Malaysia die Sea,World News
Georgia GOP Attorney General Primary big lie battleground,World News
War White Gold North Carolina,World News
Trump Reportedly consider quit Presidential Race Tape surface,World News
Natasha Lyonne bring Ex Fred Armisen SNL Monologue joke sex tape,World News
Brooklyn Half Marathon Runner Collapses die cross finish line,World News
apparently ailing Putin surround Docs Kremlin Chaos say Ex brit Intel Official,World News
Boris Johnson visit Kyiv speak Zelenskyy Pledge Weapons,World News
War Crimes Watch devastating walk Bucha Horror,World News
Horror Horror Civilians Flee Train Station Attack Ukraine,World News
attack Ukrainian Train Station kill People,World News
France Nail bite election Macron Rival surge,World News
Buckingham Palace reveal Queen Elizabeth attend Easter Week Service,World News
israeli Forces kill palestinian man open Fire Crowded Tel Aviv Bar,World News
Zelenskyy say think Defending Freedom Costly,World News
Nobel Prize win russian Newspaper Editor attack Paint Moscow,World News
Dozens Dead wound Rocket Attack Ukraine Train Station,World News
Georgia GOP Attorney General Primary big lie battleground,World News
War White Gold North Carolina,World News
Trump Reportedly consider quit Presidential Race Tape surface,World News
Natasha Lyonne bring Ex Fred Armisen SNL Monologue joke sex tape,World News
Brooklyn Half Marathon Runner Collapses die cross finish line,World News
apparently ailing Putin surround Docs Kremlin Chaos say Ex brit Intel Official,World News
UK Officials russian troop run low supply Morale,World News
Occupied Cities civilian define Ukraine Resistance Russia,World News
Turkey Rules trial Suspects Khashoggi Killing move Saudi Arabia,World News
Mariupol Mayor civilian Death Toll Tops,World News
Ukraine Zoo rush Evacuate Animals Heavy russian shelling,World News
Intel Halts Business Services Russia,World News
Allies Ramp Sanctions Russia Bucha atrocity,World News
russian Media campaign falsely claim Bucha death fake,World News
Russia failure Kyiv defeat Ages,World News
Bucha Massacre turning point Ukraine War,World News
Georgia GOP Attorney General Primary big lie battleground,World News
War White Gold North Carolina,World News
Trump Reportedly consider quit Presidential Race Tape surface,World News
Natasha Lyonne bring Ex Fred Armisen SNL Monologue joke sex tape,World News
Brooklyn Half Marathon Runner Collapses die cross finish line,World News
apparently ailing Putin surround Docs Kremlin Chaos say Ex brit Intel Official,World News
zelenskyy Russians commit Terrible War Crimes Ukraine World War II,World News
Shanghai Lockdown woman Shares Account hour Bus Ride covid Quarantine Center,World News
Charles Darwin Missing notebook return mysterious circumstance,World News
Mariupol Women Report Russians take Ukrainians Filtration Camps,World News
Dogs find Dead Ukraine Shelter Weeks Food Water,World News
Seizes Oligarch million Yacht amid Russian Sanctions,World News
Russia urge stop Land Mines Ukraine War,World News
zelenskyy Address UN amid Outrage russian atrocity,World News
World Population Breathes Poor Quality air,World News
Biden Putin face War Crimes Trial,World News
Georgia GOP Attorney General Primary big lie battleground,World News
War White Gold North Carolina,World News
Trump Reportedly consider quit Presidential Race Tape surface,World News
Natasha Lyonne bring Ex Fred Armisen SNL Monologue joke sex tape,World News
Brooklyn Half Marathon Runner Collapses die cross finish line,World News
apparently ailing Putin surround Docs Kremlin Chaos say Ex brit Intel Official,World News
Hong Kong Leader Carrie Lam will seek New Term Rocky year,World News
China Sends Military thousand Health Workers Shanghai Mass Covid Testing,World News
Russia face Global outrage body Ukraine street,World News
russian troop kill sicken Poisoned Food Ukraine resident official,World News
Putin incense russian troop welcome Flowers Ukraine say oligarch,World News
zelenskyy mother russian soldier graphic photo Kyiv Region,World News
Hungarians Vote give Pro Putin pm Orban term,World News
man get Shots Germany sell Forged pass,World News
Lithuania cut russian Gas Imports Urges Rest EU,World News
Ukraine Documents Alleged atrocity retreat Russians,World News
Georgia GOP Attorney General Primary big lie battleground,World News
War White Gold North Carolina,World News
Trump Reportedly consider quit Presidential Race Tape surface,World News
Natasha Lyonne bring Ex Fred Armisen SNL Monologue joke sex tape,World News
Brooklyn Half Marathon Runner Collapses die cross finish line,World News
apparently ailing Putin surround Docs Kremlin Chaos say Ex brit Intel Official,World News
Hungary gear Chance vote Autocrat Orban,World News
Ukraine Offering million russian defector Jet warship,World News
Sends Algerian Man Home nearly year Guantanamo,World News
Ukraine say russian troop loot Homes way,World News
ukrainian Forces Retake Areas near Kyiv amid fear trap,World News
Nuclear Agency Director visit Chernobyl russian troop departure,World News
miss ukrainian photojournalist Maks Levin find Dead Combat Zone,World News
Pope Francis call Putin Invasion Ukraine Infantile Destructive,World News
zelenskyy will discuss Alleged Ukrainian Attack russian Fuel Depot,World News
Sean Penn call Billionaires buy Fighter Jets Ukraine,World News
Georgia GOP Attorney General Primary big lie battleground,World News
War White Gold North Carolina,World News
Trump Reportedly consider quit Presidential Race Tape surface,World News
Natasha Lyonne bring Ex Fred Armisen SNL Monologue joke sex tape,World News
Brooklyn Half Marathon Runner Collapses die cross finish line,World News
apparently ailing Putin surround Docs Kremlin Chaos say Ex brit Intel Official,World News
israeli Forces kill Palestinians raise Fears Ramadan clash,World News
Afghan child die humanitarian agency Lifeline,World News
cage Weakened mislead West think Ukraine War ruin Putin,World News
Zelenskyy Removes Ukrainian Generals accuse traitor,World News
Putin War Fuels Fears Draft age russian youth,World News
Russians Leaving Mines retreat zelenskyy,World News
Bad Tweet get UK man hour Court Ordered Community Service,World News
russian Troops Leave Chernobyl Ukrainian Nuclear Operator say,World News
Russia Envisions New democratic World order alongside China,World News
Ukraine Woman Account spark Investigation Sexual violence russian force,World News
Georgia GOP Attorney General Primary big lie battleground,World News
War White Gold North Carolina,World News
Trump Reportedly consider quit Presidential Race Tape surface,World News
Natasha Lyonne bring Ex Fred Armisen SNL Monologue joke sex tape,World News
Brooklyn Half Marathon Runner Collapses die cross finish line,World News
apparently ailing Putin surround Docs Kremlin Chaos say Ex brit Intel Official,World News
zelenskyy plead help Saying War turn point,World News
russian troop self sabotaging Ukraine say British Intelligence Chief,World News
Malicious Update Anchored Worst Cyberattack Ukraine War,World News
Boris Johnson joke Trans People Hours UK Openly Trans MP come,World News
Ukraine Refugee Count Tops million UN Agency say,World News
Seoul Rejects Korea claim fire new icbm week,World News
israeli authority Alert Deadly Attack week,World News
Russia Shells Areas Ukraine vow Scale,World News
UN Food Chief war Ukraine create Catastrophe catastrophe,World News
Sailor tell russian warship give Hero welcome,World News
Georgia GOP Attorney General Primary big lie battleground,World News
War White Gold North Carolina,World News
Trump Reportedly consider quit Presidential Race Tape surface,World News
Natasha Lyonne bring Ex Fred Armisen SNL Monologue joke sex tape,World News
Brooklyn Half Marathon Runner Collapses die cross finish line,World News
apparently ailing Putin surround Docs Kremlin Chaos say Ex brit Intel Official,World News
Van Packed Kangaroos Wallabies Escapes Shell Shocked Kharkiv Zoo,World News
Russia Major Independent Newspaper shut amid Government pressure,World News
need know Russia Ukraine Peace Talks,World News
Queen Elizabeth gets escort Prince Andrew Prince Philip Memorial Service,World News
Mideast Hypocrisy western Embrace Ukraine,World News
Taliban Hard Liners turn clock Afghanistan Women Rights,World News
possible Breakthrough New Round Talks aim stop Putin War,World News
russian Military Contractor accuse Human Rights abuse deploy Ukraine,World News
Prince William Kate Middleton Caribbean Tour finally,World News
report Ukrainian Peace Negotiators show sign poisoning Meeting Russians,World News
Georgia GOP Attorney General Primary big lie battleground,World News
War White Gold North Carolina,World News
Trump Reportedly consider quit Presidential Race Tape surface,World News
Natasha Lyonne bring Ex Fred Armisen SNL Monologue joke sex tape,World News
Brooklyn Half Marathon Runner Collapses die cross finish line,World News
apparently ailing Putin surround Docs Kremlin Chaos say Ex brit Intel Official,World News
Canadian Indigenous Meet Pope Hopes Apology,World News
North Korea Kim vow develop powerful mean Attack,World News
zelenskyy Open Ukraine Adopting Neutral Stance secure Russian Peace Deal,World News
China Launches extensive Lockdown year,World News
second Black Box find China Eastern Plane Crash,World News
Ukrainians Brace Attack Port City Odesa,World News
Russia use Chemical Weapons Ukraine NATO Action Warns Official,World News
russian Rocket Attacks hit Ukraine Lviv Biden Visits Poland,World News
Prince William say support Caribbean Countries decision future,World News
Biden end Speech Poland call Putin Removal,World News
Georgia GOP Attorney General Primary big lie battleground,World News
War White Gold North Carolina,World News
Trump Reportedly consider quit Presidential Race Tape surface,World News
Natasha Lyonne bring Ex Fred Armisen SNL Monologue joke sex tape,World News
Brooklyn Half Marathon Runner Collapses die cross finish line,World News
apparently ailing Putin surround Docs Kremlin Chaos say Ex brit Intel Official,World News
woman block Boarding Flights Afghan Airline official,World News
besieged Chernihiv risk Mariupol,World News
NATO Commander Issues Ominous Warning ukrainian Civilians,World News
Zelenskyy Chief Staff sum russian state tv output Blunt Word,World News
dead injure Family Falls Swiss Building,World News
Europe afford cut russian Energy,World News
Putin complain Russia cancel like Rowling,World News
remarkably young Cheetah Cubs Hunt Gazelles Nudge mom,World News
Harrowing Death toll russian Airstrike Theater Announced,World News
Biden visit Poland complex ally Ukraine doorstep,World News
Georgia GOP Attorney General Primary big lie battleground,World News
War White Gold North Carolina,World News
Trump Reportedly consider quit Presidential Race Tape surface,World News
Natasha Lyonne bring Ex Fred Armisen SNL Monologue joke sex tape,World News
Brooklyn Half Marathon Runner Collapses die cross finish line,World News
apparently ailing Putin surround Docs Kremlin Chaos say Ex brit Intel Official,World News
Kim Jong Un Missile Propaganda Video Meme blast,World News
russian Forces appear switch Focus away Kyiv,World News
Announce New Partnership Undercut Russian Energy,World News
Russia War child half Ukraine kid force Flee home,World News
depressed Ukrainian bear russian General walk Military Meeting report,World News
rich country get new covid Vaccine Poorer one,World News
UK Government Signals Mercenary Group mission kill Ukrainian Leader Zelenskyy,World News
Ukraine claim destroy russian warship restock troop,World News
Ukraine say Moscow forcibly take civilian Russia,World News
United Joe Biden unveil new Western Sanctions Russia,World News
Georgia GOP Attorney General Primary big lie battleground,World News
War White Gold North Carolina,World News
Trump Reportedly consider quit Presidential Race Tape surface,World News
Natasha Lyonne bring Ex Fred Armisen SNL Monologue joke sex tape,World News
Brooklyn Half Marathon Runner Collapses die cross finish line,World News
apparently ailing Putin surround Docs Kremlin Chaos say Ex brit Intel Official,World News
dutch Publisher pull Anne Frank Betrayal Book amid critique,World News
day Plane Crash Searchers look Black Box,World News
White House call North Korea Missile Launch Brazen Violation,World News
Kremlin Denounces UN Vote demand Russia Halt War Ukraine,World News
russian Stock Market Reopens make early gain catch,World News
expand Russia Sanctions accept Ukraine refugee,World News
zelenskyy Calls Worldwide Demonstrations russian Invasion enter second Month,World News
Prince William Calls Slavery abhorrent Speech happen,World News
Nuclear Energy Group Gravely worry Ukraine plant offer help,World News
proof russian War Crimes Ukraine Antony Blinken say,World News
Georgia GOP Attorney General Primary big lie battleground,World News
War White Gold North Carolina,World News
Trump Reportedly consider quit Presidential Race Tape surface,World News
Natasha Lyonne bring Ex Fred Armisen SNL Monologue joke sex tape,World News
Brooklyn Half Marathon Runner Collapses die cross finish line,World News
apparently ailing Putin surround Docs Kremlin Chaos say Ex brit Intel Official,World News
jamaican Prime Minister Tells Royals move amid Republic Push,World News
Teenage Pilot start World Flight Bulgaria,World News
Russians kill War NATO say,World News
Putin Adviser Anatoly Chubais Steps Leaves Russia,World News
Bahamas Committee demand Prince William Kate Middleton Apologize colonization,World News
Norway King test Positive covid mild symptom,World News
view Kill Humans Interrupt Cheetah Impala Hunt People mad,World News
month Russia Bloody Invasion Ukraine fight,World News
school cancel girl Sixth Grade Afghanistan Taliban say,World News
Speedo Cuts Olympic Champ Putin Rally Appearance give fee refugee,World News
Georgia GOP Attorney General Primary big lie battleground,World News
War White Gold North Carolina,World News
Trump Reportedly consider quit Presidential Race Tape surface,World News
Natasha Lyonne bring Ex Fred Armisen SNL Monologue joke sex tape,World News
Brooklyn Half Marathon Runner Collapses die cross finish line,World News
apparently ailing Putin surround Docs Kremlin Chaos say Ex brit Intel Official,World News
Black Box find China Eastern Plane Crash,World News
humanitarian Disaster Ukraine Accuses Russia seize Relief Workers Mariupol Convoy,World News
Putin Spokesperson refuse rule Nuking Ukraine,World News
Russia destroy new lab Chernobyl Nuclear Power Plant say Ukraine,World News
Hillsong Founder Brian Houston Resigns Misconduct Probe,World News
Ed Sheeran Awaits Verdict Copyright Court Battle,World News
ukrainian Media sound Alarm miss photojournalist Maks Levin,World News
million child vaccinate Polio Africa,World News
Putin Critic Navalny sentence year Maximum Security Prison,World News
russian Journalist want sell Nobel Peace Prize Medal help ukrainian Refugees,World News
Georgia GOP Attorney General Primary big lie battleground,World News
War White Gold North Carolina,World News
Trump Reportedly consider quit Presidential Race Tape surface,World News
Natasha Lyonne bring Ex Fred Armisen SNL Monologue joke sex tape,World News
Brooklyn Half Marathon Runner Collapses die cross finish line,World News
apparently ailing Putin surround Docs Kremlin Chaos say Ex brit Intel Official,World News
Rohingya Refugees welcome Calling Repression Genocide,World News
Ukraine Retakes Key Kyiv Suburb Battle Mariupol rage,World News
jamaican Leaders Shun Prince William Kate Middleton Visit Demand Slavery Reparations,World News
girl perform Stirring let Bomb Shelter Sings Ukraine Anthem Concert,World News
survivor find China Eastern Plane Crash State Media say,World News
russian strike Kills Holocaust Survivor Ukraine,World News
Donald Trump want use nuclear Submarines threaten Russia,World News
Russia say Meta Guilty Extremist Activities Bans Facebook Instagram,World News
witness Mariupol Agony Fled russian Hit List,World News
Russians allow Dozens Chernobyl Workers leave hour hostage,World News
Georgia GOP Attorney General Primary big lie battleground,World News
War White Gold North Carolina,World News
Trump Reportedly consider quit Presidential Race Tape surface,World News
Natasha Lyonne bring Ex Fred Armisen SNL Monologue joke sex tape,World News
Brooklyn Half Marathon Runner Collapses die cross finish line,World News
apparently ailing Putin surround Docs Kremlin Chaos say Ex brit Intel Official,World News
official China Eastern Plane crash Aboard Country South,World News
petraeus report death general evidence Russia trouble,World News
close Notice Shanghai Disneyland affect rise Covid Cases,World News
Ukrainian Zoo Requests help save animal,World News
Ukraine Rejects russian demand Surrender Mariupol,World News
Zelenskyy Calls Mila Kunis Ashton Kutcher thank raise Millions Ukrainians,World News
car run Carnival Revelers Belgium kill People,World News
Ukraine say Shelter Housing Refugees bomb russian force,World News
trouble Kremlin Gulag Spy Boss reportedly arrest Putin Fumes Ukraine Invasion,World News
russian Military Slog Ukraine dreadful mess Putin,World News
Georgia GOP Attorney General Primary big lie battleground,World News
War White Gold North Carolina,World News
Trump Reportedly consider quit Presidential Race Tape surface,World News
Natasha Lyonne bring Ex Fred Armisen SNL Monologue joke sex tape,World News
Brooklyn Half Marathon Runner Collapses die cross finish line,World News
apparently ailing Putin surround Docs Kremlin Chaos say Ex brit Intel Official,World News
Clash give blessing Song Retooling Gut Wrenching Ukrainian Resistance Anthem,World News
russian Troops Push Besieged Mariupol Locals Plead help,World News
Russia use Disinformation weapon war,World News
russian Forces accuse abduct Ukrainian Journalist Covering Invasion,World News
heartbreaking Stroller Display symbolize number child kill Ukraine War,World News
Russia Fires New Hypersonic Missile Time Zelenskyy Warns Blockades,World News
Canada give Russian Letter Lamenting Humanitarian Disaster scathing Rewrite,World News
russian Cosmonauts Arrive ISS color Ukrainian Flag,World News
Putin Likens Opponents Gnats Evoking Stalin Dehumanizing Language,World News
Syria Assad Visits UAE trip Arab Country War,World News
Georgia GOP Attorney General Primary big lie battleground,World News
War White Gold North Carolina,World News
Trump Reportedly consider quit Presidential Race Tape surface,World News
Natasha Lyonne bring Ex Fred Armisen SNL Monologue joke sex tape,World News
Brooklyn Half Marathon Runner Collapses die cross finish line,World News
apparently ailing Putin surround Docs Kremlin Chaos say Ex brit Intel Official,World News
Ukrainian Ballet Star Dies russian Shelling Injuries Colleagues,World News
Putin speak Massive Moscow Rally,World News
Peru Court Orders Ex President Fujimori free Prison,World News
Zelenskyy Berates Germany say Post holocaust Vow mean,World News
China Eyes Slow exit Zero COVID policy despite lock city,World News
defiant India buy russian oil despite Pressure sanction,World News
russian Missiles strike Near Western Ukraine Airport,World News
hacker help Channel Millions Anti war Texts russian People,World News
World Famous Ukrainian Cat make France Besieged Kharkiv,World News
Acclaimed Ukrainian Actor Oksana Shvets kill russian Attack,World News
Georgia GOP Attorney General Primary big lie battleground,World News
War White Gold North Carolina,World News
Trump Reportedly consider quit Presidential Race Tape surface,World News
Natasha Lyonne bring Ex Fred Armisen SNL Monologue joke sex tape,World News
Brooklyn Half Marathon Runner Collapses die cross finish line,World News
apparently ailing Putin surround Docs Kremlin Chaos say Ex brit Intel Official,World News
Rescuers Hunt Survivors Mariupol Theater Sheltering Children,World News
BBC Apologizes Princess Diana Aide Interview Deceit,World News
russian Oligarch Superyacht Stuck Norway Locals refuse Fuel,World News
Brittney Griner Detention extend russian Court report,World News
Russia Frees kidnapped melitopol Mayor Exchange soldier,World News
olympian Alysa Liu Father target chinese Spy Case,World News
Zelenskyy Warns World War III start,World News
Putin Accuses West try destroy Russia Escalating Ukraine War,World News
Cleanup Begins Deadly Earthquake hit Japan,World News
CNN Host Cries interview Ukrainian Man Family kill,World News
Georgia GOP Attorney General Primary big lie battleground,World News
War White Gold North Carolina,World News
Trump Reportedly consider quit Presidential Race Tape surface,World News
Natasha Lyonne bring Ex Fred Armisen SNL Monologue joke sex tape,World News
Brooklyn Half Marathon Runner Collapses die cross finish line,World News
apparently ailing Putin surround Docs Kremlin Chaos say Ex brit Intel Official,World News
Zelenskyy say ukrainian unconquerable Russia cross Red line,World News
journalist protest russian tv tell CNN impossible stay silent,World News
ukrainian official Russia Bombed Mariupol Theater Sheltering hundred,World News
russian Troops kill People wait Bread Line Embassy say,World News
BMW VW Warn Shortages Suppliers Ukraine,World News
russian Ballet Star Condemns War Leaves Country,World News
Guatemala drop Law imprison Women get abortion,World News
Ukraine Mariupol Descends despair,World News
Magnitude Earthquake Hits Northern Japan Prompts Tsunami Alert,World News
kyiv Mayor respond Putin Claim Single Blunt Word,World News
Georgia GOP Attorney General Primary big lie battleground,World News
War White Gold North Carolina,World News
Trump Reportedly consider quit Presidential Race Tape surface,World News
Natasha Lyonne bring Ex Fred Armisen SNL Monologue joke sex tape,World News
Brooklyn Half Marathon Runner Collapses die cross finish line,World News
apparently ailing Putin surround Docs Kremlin Chaos say Ex brit Intel Official,World News
watch Angry Lion charge Scavengers Feasting Elephant Carcass,World News
Nazanin Zaghari Ratcliffe Way Home year detention Iran,World News
russian troop Hostage Hospital say Ukraine,World News
Tyranny Expert predict Putin Dire Legacy Russia,World News
Haiti Health Professionals Strike Kidnappings,World News
zelenskyy appeal Lawmakers help Russia,World News
journalist protest War russian tv fine Faces possible Prison Term,World News
gut wrench photo Ukrainians Fleeing War Pets Tow,World News
Ukraine War recall Trauma Survivors Russian back Sieges Syria,World News
India Court Upholds Hijab Ban Schools Islamophobia escalate,World News
Georgia GOP Attorney General Primary big lie battleground,World News
War White Gold North Carolina,World News
Trump Reportedly consider quit Presidential Race Tape surface,World News
Natasha Lyonne bring Ex Fred Armisen SNL Monologue joke sex tape,World News
Brooklyn Half Marathon Runner Collapses die cross finish line,World News
apparently ailing Putin surround Docs Kremlin Chaos say Ex brit Intel Official,World News
zelenskyy pay Stirring Tribute Filmmaker kill russian Forces Ukraine,World News
China Tightens measure case double,World News
Zelenskyy message russian Soldiers Surrender,World News
Russia Attacks Residential Neighborhood Kyiv NATO Leaders Plan Visit capital,World News
Ukraine War lead rethink Defense Europe,World News
UN say Women pay Highest price Conflict Ukraine,World News
UN Chief Ukraine War Hitting Poor Nations Reliant Wheat,World News
anti war Protester Storms Russian State Run tv Evening broadcast,World News
Russia restrict Instagram Millions citizen,World News
Kremlin War Censorship Exposes Putin Leaky internet control,World News
Georgia GOP Attorney General Primary big lie battleground,World News
War White Gold North Carolina,World News
Trump Reportedly consider quit Presidential Race Tape surface,World News
Natasha Lyonne bring Ex Fred Armisen SNL Monologue joke sex tape,World News
Brooklyn Half Marathon Runner Collapses die cross finish line,World News
apparently ailing Putin surround Docs Kremlin Chaos say Ex brit Intel Official,World News
Queen Elizabeth Commonwealth Day life devote Service,World News
cut donor Russia Free Press exile Launches Global crowdfunding campaign,World News
demonstrator Russia Resort Blank Sign Protests arrest,World News
Putin War worsen Impact Ukraine,World News
Pregnant Woman Stretcher Photo Baby die Russia bomb Maternity Ward,World News
China Battles Multiple Outbreaks drive Stealth Omicron,World News
Russia keep Attacks Ukraine side hold talk,World News
Russia reportedly ask China Military Supplies Aid Officials,World News
russian Airstrike Escalates Offensive Western Ukraine,World News
Bus carry ukrainian Refugees Overturns Italy kill,World News
Georgia GOP Attorney General Primary big lie battleground,World News
War White Gold North Carolina,World News
Trump Reportedly consider quit Presidential Race Tape surface,World News
Natasha Lyonne bring Ex Fred Armisen SNL Monologue joke sex tape,World News
Brooklyn Half Marathon Runner Collapses die cross finish line,World News
apparently ailing Putin surround Docs Kremlin Chaos say Ex brit Intel Official,World News
russian Airstrike Hits Base Western Ukraine Kills,World News
Russia Trots new Melitopol mayor Ukraine elect vanish,World News
official believe Superyacht Italy Putin report,World News
Saudi Arabia put People death Largest Mass execution,World News
watch Police Seize million superyacht link russian Billionaire,World News
Fukushima Workers tell Harrowing Story tame world bad nuclear disaster,World News
Russians strike Near Kyiv Block Aid Convoy,World News
zelenskyy warn new Stage Terror Russia Mayor kidnap,World News
Cancer Hospital Struck russian Shelling say Ukraine,World News
Russia Accuses Ukraine Biological Weapon Operations Heated Face,World News
Georgia GOP Attorney General Primary big lie battleground,World News
War White Gold North Carolina,World News
Trump Reportedly consider quit Presidential Race Tape surface,World News
Natasha Lyonne bring Ex Fred Armisen SNL Monologue joke sex tape,World News
Brooklyn Half Marathon Runner Collapses die cross finish line,World News
apparently ailing Putin surround Docs Kremlin Chaos say Ex brit Intel Official,World News
Striking photos miss week,World News
Queen Elizabeth Cancels Person Appearance amid Health Troubles,World News
trapped Antelope Await Attack Wild Dogs Surprising cliffhanger,World News
China Locks City million amid New Spike case,World News
China Amplifies unsupported russian claim Ukraine biolab,World News
Ukrainians Calmly Defuse unexplode russian Bomb Heart pound video,World News
give Birth Fukushima Nuclear Disaster Area Experienced,World News
unidentified Flying object crash Croatia Triggering blast,World News
VP Harris Heads Romania Ukraine Refugee Crisis Grows,World News
russian Forces Target Airports Western Ukraine Far Main Offensive,World News
Georgia GOP Attorney General Primary big lie battleground,World News
War White Gold North Carolina,World News
Trump Reportedly consider quit Presidential Race Tape surface,World News
Natasha Lyonne bring Ex Fred Armisen SNL Monologue joke sex tape,World News
Brooklyn Half Marathon Runner Collapses die cross finish line,World News
apparently ailing Putin surround Docs Kremlin Chaos say Ex brit Intel Official,World News
new photo appear Breakup Mile Russian Convoy ominous sign,World News
ukrainian man learn family death viral photo Twitter,World News
Letter z russian tank,World News
Leonardo DiCaprio Donates Ukraine early report false,World News
Zelenskyy say Putin bluff Nuclear Threat,World News
Putin ban Annual Meeting World Elites Davos,World News
Ukraine Europe Wonders russian Target,World News
city Hit Nuclear Weapons Plead Putin detonate bomb,World News
China fight New Spike Selective Approach,World News
Korea President elect want Tougher Stance Korea,World News
Georgia GOP Attorney General Primary big lie battleground,World News
War White Gold North Carolina,World News
Trump Reportedly consider quit Presidential Race Tape surface,World News
Natasha Lyonne bring Ex Fred Armisen SNL Monologue joke sex tape,World News
Brooklyn Half Marathon Runner Collapses die cross finish line,World News
apparently ailing Putin surround Docs Kremlin Chaos say Ex brit Intel Official,World News
Dead Russian Airstrike Hits Hospital Ukraine,World News
Chernobyl Nuclear Plant site knock Power Grid Generators Ukraine say,World News
zelenskyy speak Leaked UN Email Instructs Staff war,World News
Cases death continue drop Globally say,World News
McDonald closing restaurant Russia Hugely Symbolic,World News
week War Ukraine Russia bear Key Cities,World News
Harris trip Poland take turn Jets Ukraine,World News
Saudi Arabia UAE leader reportedly decline call Biden amid Ukraine Crisis,World News
ukrainian President give Standing Ovation Unprecedented Address British Parliament,World News
help nation Ukrainian Politician break Plea Military aid,World News
Georgia GOP Attorney General Primary big lie battleground,World News
War White Gold North Carolina,World News
Trump Reportedly consider quit Presidential Race Tape surface,World News
Natasha Lyonne bring Ex Fred Armisen SNL Monologue joke sex tape,World News
Brooklyn Half Marathon Runner Collapses die cross finish line,World News
apparently ailing Putin surround Docs Kremlin Chaos say Ex brit Intel Official,World News
Ukrainians desperate Food Water Besieged Mariupol,World News
Poland offer Soviet Fighter Jets Plan help Ukraine,World News
Major company pull Russia Far,World News
McDonald Temporarily close Stores Russia,World News
Judge ask end Prince Andrew Sex Abuse Lawsuit,World News
Ukrainian Athlete pull Paralympics Race Father capture Russians,World News
White House Venezuela free detained Americans,World News
pianist play wonderful world Outside Ukraine Train Station hauntingly beautiful video,World News
ukrainian Soldiers Play Grimmest Board Game wait Russians,World News
Ukraine Refugee Count Reaches Staggering Escape russian Invasion,World News
Georgia GOP Attorney General Primary big lie battleground,World News
War White Gold North Carolina,World News
Trump Reportedly consider quit Presidential Race Tape surface,World News
Natasha Lyonne bring Ex Fred Armisen SNL Monologue joke sex tape,World News
Brooklyn Half Marathon Runner Collapses die cross finish line,World News
apparently ailing Putin surround Docs Kremlin Chaos say Ex brit Intel Official,World News
LISTEN russian Relatives Ukraine Hotline Learn fate miss soldier,World News
World Markets Mixed Rout Wall Street Oil Prices Climb,World News
People Flee embattle Ukrainian Cities Safe corridor,World News
Russia recruiting Syrians fight Ukraine Invasion Defense Official say,World News
hero Ukrainian Boy make Slovakia mile journey,World News
John Bolton say Putin unstable cold Hard Calculating Man,World News
Queen Elizabeth make Person Appearance diagnosis,World News
Bride wear Fatigues watch Ukrainian Soldiers d amid russian Invasion,World News
Pope Rails Ukraine Invasion war Madness stop,World News
Russians arrest Sunday Ukraine Invasion protest Watchdog say,World News
Georgia GOP Attorney General Primary big lie battleground,World News
War White Gold North Carolina,World News
Trump Reportedly consider quit Presidential Race Tape surface,World News
Natasha Lyonne bring Ex Fred Armisen SNL Monologue joke sex tape,World News
Brooklyn Half Marathon Runner Collapses die cross finish line,World News
apparently ailing Putin surround Docs Kremlin Chaos say Ex brit Intel Official,World News
Russia Snubs UN Court Hearings case bring Ukraine,World News
russian Gymnast Wears Pro Invasion symbol Podium ukrainian Rival,World News
Coronavirus Death Toll surpass million pandemic Enters Year,World News
Teen track Elon Musk Flights move russian Oligarch Yachts,World News
Pussy Riot Founder say Russians Putin War see,World News
UN Envoy Angelina Jolie Yemen ahead Fundraising Summit,World News
Ukraine Accuses Russia Medieval Siege tactic,World News
Fleeing Sanctions Oligarchs seek safe Ports superyacht,World News
Mastercard Visa Suspend Operations Russia Plea Zelenskyy,World News
Mariupol Diaries Scenes Despair Resolve Besieged Ukrainian City,World News
Georgia GOP Attorney General Primary big lie battleground,World News
War White Gold North Carolina,World News
Trump Reportedly consider quit Presidential Race Tape surface,World News
Natasha Lyonne bring Ex Fred Armisen SNL Monologue joke sex tape,World News
Brooklyn Half Marathon Runner Collapses die cross finish line,World News
apparently ailing Putin surround Docs Kremlin Chaos say Ex brit Intel Official,World News
Germany Russia Kinda Experts Nazism Russia fight,World News
video show Nuclear Plant Workers plead Russians stop shoot,World News
WNBA Player Brittney Griner detain Russia Drug charge,World News
Russia Flagship Airline Aeroflot Halts International Flights Belarus,World News
Putin say Ukraine future Doubt Cease fire collapse,World News
child wound Far russian Invasion say Ukraine,World News
Sky News Journalists Share video Violent Ambush Ukraine,World News
China seek unify public support Russia,World News
Russia Blocks Access Facebook amid Broad medium Crackdown,World News
zelenskyy reportedly survive Assassination Attempts week,World News
Georgia GOP Attorney General Primary big lie battleground,World News
War White Gold North Carolina,World News
Trump Reportedly consider quit Presidential Race Tape surface,World News
Natasha Lyonne bring Ex Fred Armisen SNL Monologue joke sex tape,World News
Brooklyn Half Marathon Runner Collapses die cross finish line,World News
apparently ailing Putin surround Docs Kremlin Chaos say Ex brit Intel Official,World News
Major News Outlets Suspend Operations Russia follow Anti Journalist Law,World News
Father Mourns Son kill russian Shelling Ukrainian Soccer Field,World News
Russians Control Europe big Nuclear plant,World News
russian tv Station proclaim War play Swan Lake go Dark,World News
Russia Shells Europe Largest Nuclear Plant Ukraine spark fire,World News
ukrainian Biathlete Yevhen Malyshev kill Combat Russia,World News
indian student strand Ukraine Hide fear russian Invasion Grows,World News
zelenskyy say Russians carry Cremation Chambers Ukraine,World News
Persuade Vladimir Putin choose Peace Ukraine,World News
Russians Besiege crucial Ukrainian Nuclear Energy Hub Seacoast,World News
Georgia GOP Attorney General Primary big lie battleground,World News
War White Gold North Carolina,World News
Trump Reportedly consider quit Presidential Race Tape surface,World News
Natasha Lyonne bring Ex Fred Armisen SNL Monologue joke sex tape,World News
Brooklyn Half Marathon Runner Collapses die cross finish line,World News
apparently ailing Putin surround Docs Kremlin Chaos say Ex brit Intel Official,World News
China Denies ask Russia Invade Ukraine olympic,World News
Neutral Finland Sweden Warm Idea NATO membership,World News
Russia Belarus ban Paralympics rival Threaten Boycott,World News
million People flee Ukraine Russia Invasion begin week,World News
Israeli High Court Suspends Forced Evictions palestinian family Sheikh Jarrah,World News
russian Police reportedly Arrest Jail Children protest War Ukraine,World News
ukrainian Crowd block russian access Nuclear Power Plant,World News
COVID Cases death continue fall globally report,World News
Cargo Ship Carrying Luxury Cars Sinks Mid atlantic,World News
nation line support UN Resolution Demanding Russia stop war,World News
Georgia GOP Attorney General Primary big lie battleground,World News
War White Gold North Carolina,World News
Trump Reportedly consider quit Presidential Race Tape surface,World News
Natasha Lyonne bring Ex Fred Armisen SNL Monologue joke sex tape,World News
Brooklyn Half Marathon Runner Collapses die cross finish line,World News
apparently ailing Putin surround Docs Kremlin Chaos say Ex brit Intel Official,World News
Russia escalate Attacks Urban Areas Ukraine,World News
Joe Biden warn Vladimir Putin freedom Triumph Tyranny,World News
Ukraine Acknowledges Racist Treatment Africans flee russian Invasion,World News
ukrainian Journalist Confronts Boris Johnson Fly zone,World News
Ukraine Ambassador Accuses Russia War Crime,World News
ICC Prosecutor Probe Possible War Crimes Ukraine,World News
Australia frog Mice Beetle Ride Snake escape floodwater,World News
CNN correspondent back away Grenade Live Report Kyiv,World News
Russian Forces Shell Ukraine largest City Menace Kyiv,World News
Ukrainian Sailor try sink russian Boss Yacht War tie,World News
Georgia GOP Attorney General Primary big lie battleground,World News
War White Gold North Carolina,World News
Trump Reportedly consider quit Presidential Race Tape surface,World News
Natasha Lyonne bring Ex Fred Armisen SNL Monologue joke sex tape,World News
Brooklyn Half Marathon Runner Collapses die cross finish line,World News
apparently ailing Putin surround Docs Kremlin Chaos say Ex brit Intel Official,World News
Expel russian diplomat UN,World News
Sporting World punish russian aggression Indefinite Bans suspension,World News
Ukraine seek join EU Round talk Russia end,World News
western Sanctions hurt Ordinary Russians,World News
Citizens step Defend Ukraine,World News
Russia Ukraine begin negotiation,World News
flee Ukraine Russia Invaded UN Reports,World News
Treasury Announces Sanctions Russia Central Bank ruble plummet,World News
ukrainian troop tell Russian Warship F k alive Ukrainian Navy,World News
photo deadly Rain Bomb Leaves Parts Eastern Australia Underwater,World News
Georgia GOP Attorney General Primary big lie battleground,World News
War White Gold North Carolina,World News
Trump Reportedly consider quit Presidential Race Tape surface,World News
Natasha Lyonne bring Ex Fred Armisen SNL Monologue joke sex tape,World News
Brooklyn Half Marathon Runner Collapses die cross finish line,World News
apparently ailing Putin surround Docs Kremlin Chaos say Ex brit Intel Official,World News
UN General Assembly Security Council hold meeting Russia Invasion Ukraine,World News
BP plan Exit Stake russian Oil Giant Ukraine Invasion,World News
Putin put Nuclear Forces High Alert Escalating tension,World News
danish Journalists Shot Ukraine lucky alive,World News
CBS Journalist apologize say Ukraine civilize Iraq Afghanistan,World News
EU Shuts Airspace Russian Airlines buy Ukraine arm,World News
EU supply Weapons Ukraine Block Russian Aircraft Kremlin back medium,World News
Kyiv Mayor say City encircled Fight,World News
Russians continue Anti war Rallies despite protester arrest,World News
Putin put Russia Nuclear Forces High Alert,World News
Georgia GOP Attorney General Primary big lie battleground,World News
War White Gold North Carolina,World News
Trump Reportedly consider quit Presidential Race Tape surface,World News
Natasha Lyonne bring Ex Fred Armisen SNL Monologue joke sex tape,World News
Brooklyn Half Marathon Runner Collapses die cross finish line,World News
apparently ailing Putin surround Docs Kremlin Chaos say Ex brit Intel Official,World News
ukrainian Official Describes Teaching Kids Turtle Game prepare attack,World News
fighting Breaks Ukraine second large city,World News
Russia Hits Ukraine Fuel Suplies airfield New Attacks,World News
North Korea fire Suspected Missile Sea,World News
Allies begin cut Russia International Financial System SWIFT,World News
aid Groups Friendly Countries Scramble help Ukrainians assault Russia,World News
Videos Missile hit Kyiv Apartment Building Injuries report,World News
Germany Relents Weapons Shipment Ukraine send fuel,World News
Prince William Kate Release Rare Political Statement Ukraine,World News
Poland Sweden Refuse play Russia World Cup playoff,World News
Georgia GOP Attorney General Primary big lie battleground,World News
War White Gold North Carolina,World News
Trump Reportedly consider quit Presidential Race Tape surface,World News
Natasha Lyonne bring Ex Fred Armisen SNL Monologue joke sex tape,World News
Brooklyn Half Marathon Runner Collapses die cross finish line,World News
apparently ailing Putin surround Docs Kremlin Chaos say Ex brit Intel Official,World News
Ukrainians Flee Largest European Ground War WWII,World News
Ukraine Zelenskyy Rejects Evacuation Offer need ammunition ride,World News
Sanctions russian Oligarchs Miss Richest Rich,World News
Ukrainians Brace night Street fight Kyiv,World News
Russia Vetoes Resolution Halt Ukraine Invasion,World News
ukrainian President Zelenskyy Posts Video say Kyiv amid Russian Attack,World News
hit Vladimir Putin sanction,World News
ukrainian President take Kalashnikov fight Russians,World News
Europe Braces Refugees Russia Attacks Ukraine capital,World News
Pope Visits Russian Embassy Express Concern Ukraine,World News
Georgia GOP Attorney General Primary big lie battleground,World News
War White Gold North Carolina,World News
Trump Reportedly consider quit Presidential Race Tape surface,World News
Natasha Lyonne bring Ex Fred Armisen SNL Monologue joke sex tape,World News
Brooklyn Half Marathon Runner Collapses die cross finish line,World News
apparently ailing Putin surround Docs Kremlin Chaos say Ex brit Intel Official,World News
Russia press Invasion outskirt Ukrainian Capital,World News
UN scale humanitarian Operations Ukraine follow Russia Invasion,World News
Garrison Ukrainian Soldiers kill refuse russian demand surrender,World News
dance Stars Performer Posts Kyiv scared,World News
Russia Invades Ukraine front Brutal Act War,World News
Russia Arrests Anti war Protesters amid Ukraine Invasion,World News
Joe Biden Putin Aggressor,World News
Ukrainians hide russian Airstrikes Kharkiv Subway Station,World News
horrify Photos Immediate Effects Russia Invasion Ukraine,World News
Queen Elizabeth Cancels virtual Engagements time week,World News
Georgia GOP Attorney General Primary big lie battleground,World News
War White Gold North Carolina,World News
Trump Reportedly consider quit Presidential Race Tape surface,World News
Natasha Lyonne bring Ex Fred Armisen SNL Monologue joke sex tape,World News
Brooklyn Half Marathon Runner Collapses die cross finish line,World News
apparently ailing Putin surround Docs Kremlin Chaos say Ex brit Intel Official,World News
World express outrage plan strong Russia sanction,World News
Ukraine Attack Leaves Baltics wonder,World News
tv Journalists Live report kyiv interrupt chilling sound war,World News
Vladimir Putin Invades Ukraine,World News
